<?xml version="1.0" encoding="UTF-8"?>
<!DOCTYPE suite SYSTEM "https://testng.org/testng-1.0.dtd">
<suite thread-count="5" name="Suite" parallel="tests">

	<test thread-count="5" name="EnglishTest">
		<parameter name="language" value="english"></parameter>
		<classes>
			<class name="testcases.VerifyLogin" />
			<!-- <class name="testcases.CreateLead" /> -->
		</classes>
	</test> <!-- Test -->

<!-- 	<test thread-count="5" name="FrenchTest">
		<parameter name="language" value="french"></parameter>
		<classes>
			<class name="testcases.VerifyLogin" />
			<class name="testcases.CreateLead" />
		</classes>
	</test> --> <!-- Test -->

</suite> <!-- Suite -->
